Municipality,Population,Officer Count,Adj. Str,Pop/Officer,# Of Offences,Crime Rate,Case Load,Total Costs,Cost per capita,Population/Officer,Officer/10k Population,Spend/Offence,Spend/Crime Rate,,
Victoria,122157,257,257,475,10642,87,41," $77,147,339.00 ", $632.00 ,475.3190661,21.04," $7,249.33 ","$886,751.02 ",,
Prince Rupert,12925,36,36,359,1785,138,50," $7,884,514.00 ", $610.00 ,359.0277778,27.85," $4,417.09 ","$57,134.16 ",,
Vancouver,757849,1452,1452,522,45749,60,32," $459,626,680.00 ", $606.00 ,521.934573,19.16," $10,046.70 ","$7,660,444.67 ",,
WilliamsLake,11382,25,25,455,1949,171,78," $5,951,995.00 ", $523.00 ,455.28,21.96," $3,053.87 ","$34,806.99 ",,
Quesnel,10238,24,24,427,2776,271,116," $5,327,565.00 ", $520.00 ,426.5833333,23.44," $1,919.15 ","$19,658.91 ",,
PortAlberni,19685,34,34,579,3328,169,98," $10,205,584.00 ", $518.00 ,578.9705882,17.27," $3,066.58 ","$60,388.07 ",,
"LangleyCity10,13",35315,54,59,596,3652,103,62," $17,540,766.00 ", $497.00 ,598.559322,15.29," $4,803.06 ","$170,298.70 ",,
Terrace,13251,31,31,427,2196,166,71," $6,398,979.00 ", $483.00 ,427.4516129,23.39," $2,913.92 ","$38,548.07 ",,
DawsonCreek,12775,25,25,511,1770,139,71," $5,788,930.00 ", $453.00 ,511,19.57," $3,270.58 ","$41,646.98 ",,
NelsonCity,12343,23,23,537,1124,91,49," $5,569,187.00 ", $451.00 ,536.6521739,18.63," $4,954.79 ","$61,199.86 ",,
Merritt,7285,17,17,429,1643,226,97," $3,263,988.00 ", $448.00 ,428.5294118,23.34," $1,986.60 ","$14,442.42 ",,
FortSt.John,24286,38,38,639,2844,117,75," $10,750,824.00 ", $443.00 ,639.1052632,15.65," $3,780.18 ","$91,887.38 ",,
PrinceGeorge,84907,153,153,555,15276,180,100," $37,392,222.00 ", $440.00 ,554.9477124,18.02," $2,447.78 ","$207,734.57 ",,
"WestVancouver10,13",52280,79,82,639,2467,47,30," $22,980,516.00 ", $440.00 ,637.5609756,15.11," $9,315.17 ","$488,947.15 ",,
Kitimat,9169,20,20,458,735,80,37," $4,013,838.00 ", $438.00 ,458.45,21.81," $5,461.00 ","$50,172.98 ",,
Smithers,5653,11,11,514,1002,177,91," $2,456,196.00 ", $434.00 ,513.9090909,19.46," $2,451.29 ","$13,876.81 ",,
"Abbotsford10,13",175219,218,227,706,9662,55,43," $71,941,468.00 ", $411.00 ,771.8898678,12.44," $7,445.82 ","$1,308,026.69 ",,
Chilliwack,107769,152,165,652,12468,116,75," $43,865,748.00 ", $407.00 ,653.1454545,14.10," $3,518.27 ","$378,153.00 ",,
Saanich,125444,172,172,729,3727,30,22," $50,588,365.00 ", $403.00 ,729.3255814,13.71," $13,573.48 ","$1,686,278.83 ",,
"Delta10,13,20",127830,194,197,632,4336,34,22," $51,269,317.00 ", $401.00 ,648.8832487,15.18," $11,824.10 ","$1,507,921.09 ",,
Hope10,6832,14,15,442,1484,217,96," $2,731,088.00 ", $400.00 ,455.4666667,20.49," $1,840.36 ","$12,585.66 ",,
PortMoody10,38943,53,55,714,1139,29,21," $15,503,831.00 ", $398.00 ,708.0545455,13.61," $13,611.79 ","$534,614.86 ",,
NewWestminster10,92435,115,118,783,5623,61,48," $36,723,541.00 ", $397.00 ,783.3474576,12.44," $6,530.95 ","$602,025.26 ",,
Kelowna,167395,244,244,686,17351,104,71," $66,173,005.00 ", $395.00 ,686.045082,14.58," $3,813.79 ","$636,278.89 ",,
"Whistler10,12",15620,26,26,601,1015,65,39," $6,114,235.00 ", $391.00 ,600.7692308,16.65," $6,023.88 ","$94,065.15 ",,
Kamloops,109628,158,158,694,12153,111,77," $39,731,000.00 ", $362.00 ,693.8481013,14.41," $3,269.23 ","$357,936.94 ",,
Mission10,46606,53,58,806,4507,97,78," $16,849,612.00 ", $362.00 ,803.5517241,11.37," $3,738.54 ","$173,707.34 ",,
Nanaimo13,110700,164,164,675,11202,101,68," $39,529,691.00 ", $357.00 ,675,14.81," $3,528.81 ","$391,383.08 ",,
Penticton,38767,57,57,680,6406,165,112," $13,827,617.00 ", $357.00 ,680.122807,14.70," $2,158.54 ","$83,803.74 ",,
Cranbrook,22720,30,30,757,2890,127,96," $8,074,294.00 ", $355.00 ,757.3333333,13.20," $2,793.87 ","$63,577.12 ",,
CentralSaanich,18135,26,26,698,466,26,18," $6,350,620.00 ", $350.00 ,697.5,14.34," $13,627.94 ","$244,254.62 ",,
Trail,8402,14,14,600,896,107,64," $2,901,590.00 ", $345.00 ,600.1428571,16.66," $3,238.38 ","$27,117.66 ",,
"Richmond10,16",242965,292,298,815,13798,57,46," $78,915,543.00 ", $325.00 ,815.3187919,12.02," $5,719.35 ","$1,384,483.21 ",,
CampbellRiver,39153,49,49,799,5803,148,118," $12,237,426.00 ", $313.00 ,799.0408163,12.52," $2,108.81 ","$82,685.31 ",,
OakBay,18803,27,27,696,473,25,18," $5,842,974.00 ", $311.00 ,696.4074074,14.36," $12,353.01 ","$233,718.96 ",,
Vernon,49167,60,60,819,6037,123,101," $14,937,253.00 ", $304.00 ,819.45,12.20," $2,474.28 ","$121,441.08 ",,
Revelstoke,9181,14,14,656,582,63,42," $2,716,048.00 ", $296.00 ,655.7857143,15.25," $4,666.75 ","$43,111.87 ",,
"MapleRidge10,13",106493,120,130,821,6819,64,53," $31,303,945.00 ", $294.00 ,819.1769231,11.27," $4,590.69 ","$489,124.14 ",,
"NorthVancouverCity10,14",67977,68,69,988,4535,67,66," $19,734,858.00 ", $290.00 ,985.173913,10.00," $4,351.68 ","$294,550.12 ",,
Burnaby,298978,301,321,932,17104,57,53," $85,998,352.00 ", $288.00 ,993.282392,10.07," $5,027.97 ","$1,508,743.02 ",,
WhiteRock10,25124,26,27,931,1546,62,57," $7,219,402.00 ", $287.00 ,930.5185185,10.35," $4,669.73 ","$116,441.97 ",,
"Squamish10,13",28550,32,34,839,1667,58,49," $8,135,789.00 ", $285.00 ,839.7058824,11.21," $4,880.50 ","$140,272.22 ",,
Castlegar,9253,13,13,712,743,80,57," $2,612,270.00 ", $282.00 ,711.7692308,14.05," $3,515.84 ","$32,653.38 ",,
NorthCowichan,34503,32,32,1078,3040,88,95," $9,720,853.00 ", $282.00 ,1078.21875,9.27," $3,197.65 ","$110,464.24 ",,
"PittMeadows10,13,15",21699,24,26,850,1005,46,39," $6,084,977.00 ", $280.00 ,834.5769231,11.06," $6,054.70 ","$132,282.11 ",,
Duncan58,5669,10,10,567,1521,268,152," $1,582,171.00 ", $279.00 ,566.9,17.64," $1,040.22 ","$5,903.62 ",,
"LangleyTownship10,13",162928,166,178,916,8331,51,47," $45,251,468.00 ", $278.00 ,915.3258427,10.19," $5,431.70 ","$887,283.69 ",,
Langford,58309,70,70,833,3014,52,43," $16,070,284.00 ", $276.00 ,832.9857143,12.01," $5,331.88 ","$309,043.92 ",,
Courtenay,32058,31,31,1021,4124,129,131," $8,558,798.00 ", $267.00 ,1034.129032,9.67," $2,075.36 ","$66,347.27 ",,
"PortCoquitlam10,13",69305,76,80,868,3052,44,38," $18,211,999.00 ", $263.00 ,866.3125,10.97," $5,967.23 ","$413,909.07 ",,
SalmonArm,20926,21,21,996,1460,70,70," $5,455,086.00 ", $261.00 ,996.4761905,10.04," $3,736.36 ","$77,929.80 ",,
LakeCountry58,17499,19,19,972,750,43,42," $4,468,020.00 ", $255.00 ,921,10.86," $5,957.36 ","$103,907.44 ",,
Coquitlam,174307,179,187,930,7524,43,40," $42,881,952.00 ", $246.00 ,932.1229947,10.27," $5,699.36 ","$997,254.70 ",,
Creston,6188,7,7,884,551,89,79," $1,518,310.00 ", $245.00 ,884,11.31," $2,755.55 ","$17,059.66 ",,
Colwood,22151,24,24,923,1392,63,58," $5,244,986.00 ", $237.00 ,922.9583333,10.83," $3,767.95 ","$83,253.75 ",,
Sechelt,11440,12,13,875,1319,115,101," $2,702,697.00 ", $236.00 ,880,10.49," $2,049.05 ","$23,501.71 ",,
"NorthVancouverDistrict10,14",102285,87,87,1176,3262,32,37," $22,853,972.00 ", $223.00 ,1175.689655,8.51," $7,006.12 ","$714,186.63 ",,
Parksville,14987,18,18,833,1214,81,67," $3,322,947.00 ", $222.00 ,832.6111111,12.01," $2,737.19 ","$41,024.04 ",,
PowellRiver,14930,21,21,711,1535,103,73," $3,311,084.00 ", $222.00 ,710.952381,14.07," $2,157.06 ","$32,146.45 ",,
WestKelowna,40094,36,36,1114,2173,54,60," $8,862,602.00 ", $221.00 ,1113.722222,8.98," $4,078.51 ","$164,122.26 ",,
Sidney,13289,16,16,831,517,39,32," $2,911,018.00 ", $219.00 ,830.5625,12.04," $5,630.60 ","$74,641.49 ",,
Sooke58,17128,16,16,1071,1169,68,84," $3,360,601.00 ", $196.00 ,1070.5,9.34," $2,874.77 ","$49,420.60 ",,
Fernie,7009,6,6,1168,278,40,46," $1,351,318.00 ", $193.00 ,1168.166667,8.56," $4,860.86 ","$33,782.95 ",,
Osoyoos,5777,6,6,963,460,80,77," $1,074,837.00 ", $186.00 ,962.8333333,10.39," $2,336.60 ","$13,435.46 ",,
Oliver58,5273,6,6,879,393,75,66," $969,508.00 ", $184.00 ,878.8333333,11.38," $2,466.94 ","$12,926.77 ",,
Ladysmith,9895,8,8,1237,526,53,66," $1,809,172.00 ", $183.00 ,1236.875,8.08," $3,439.49 ","$34,135.32 ",,
NorthSaanich,13349,12,12,1112,356,27,30," $2,399,698.00 ", $180.00 ,1112.416667,8.99," $6,740.72 ","$88,877.70 ",,
Peachland,6197,4,4,1549,222,36,56," $1,084,656.00 ", $175.00 ,1549.25,6.45," $4,885.84 ","$30,129.33 ",,
ViewRoyal,12616,14,14,879,628,50,47," $2,178,355.00 ", $173.00 ,901.1428571,11.10," $3,468.72 ","$43,567.10 ",,
Kimberley,9011,8,8,1126,308,34,39," $1,431,090.00 ", $159.00 ,1126.375,8.88," $4,646.40 ","$42,090.88 ",,
Armstrong,5778,4,4,1445,264,46,66," $906,529.00 ", $157.00 ,1444.5,6.92," $3,433.82 ","$19,707.15 ",,
Kent10,8100,6,7,1239,408,50,62," $1,222,293.00 ", $151.00 ,1157.142857,7.41," $2,995.82 ","$24,445.86 ",,
QualicumBeach,9360,8,8,1170,340,36,43," $1,361,236.00 ", $145.00 ,1170,8.55," $4,003.64 ","$37,812.11 ",,
Comox,15969,12,12,1377,554,35,48," $2,188,037.00 ", $137.00 ,1330.75,7.51," $3,949.53 ","$62,515.34 ",,
Coldstream,11548,7,7,1650,332,29,47," $1,546,560.00 ", $134.00 ,1649.714286,6.06," $4,658.31 ","$53,329.66 ",,
Summerland,12492,9,9,1388,631,51,70," $1,645,468.00 ", $132.00 ,1388,7.20," $2,607.71 ","$32,264.08 ",,
Spallumcheen,5786,4,4,1447,203,35,51," $743,412.00 ", $128.00 ,1446.5,6.91," $3,662.13 ","$21,240.34 ",,
Metchosin58,5332,5,5,1066,139,26,28," $666,924.00 ", $125.00 ,1066.4,9.38," $4,798.01 ","$25,650.92 ",,
